{
  "project_info": {
    "project_number": "705566829360",
    "project_id": "linker-123",
    "storage_bucket": "linker-123.appspot.com"
  },
  "client": [
    {
      "client_info": {
        "mobilesdk_app_id": "1:705566829360:android:32d394f3607152d56ff6f5",
        "android_client_info": {
          "package_name": "com.example.linker_app"
        }
      },
      "oauth_client": [],
      "api_key": [
        {
          "current_key": "AIzaSyANldUduioblrN0ESURnjDFthLhOAJCkT4"
        }
      ],
      "services": {
        "appinvite_service": {
          "other_platform_oauth_client": []
        }
      }
    }
  ],
  "configuration_version": "1"
}